                  epoch,         train/box_loss,         train/cls_loss,         train/dfl_loss,   metrics/precision(B),      metrics/recall(B),       metrics/mAP50(B),    metrics/mAP50-95(B),           val/box_loss,           val/cls_loss,           val/dfl_loss,                 lr/pg0,                 lr/pg1,                 lr/pg2
                      1,                 1.5869,                 2.3216,                 1.3716,                0.59873,                0.55914,                0.52657,                 0.3174,                 1.1677,                 1.9285,                 1.1435,                0.00066,                0.00066,                0.00066
                      2,                 1.3385,                 1.7087,                 1.2231,                0.27237,                0.51613,                0.22578,                0.11698,                 1.3781,                 2.2176,                 1.2639,              0.0013201,              0.0013201,              0.0013201
                      3,                 1.4492,                 1.5946,                 1.2971,                0.37953,                0.61498,                0.33197,                0.17469,                 1.4607,                 2.9784,                 1.3866,              0.0019736,              0.0019736,              0.0019736
                      4,                 1.4686,                 1.6172,                 1.3624,                0.73688,                0.57527,                0.66026,                0.35316,                 1.4095,                 1.4428,                 1.2963,              0.0019703,              0.0019703,              0.0019703
                      5,                 1.4257,                 1.4256,                 1.2526,                0.72649,                0.65591,                0.69652,                0.44987,                 1.3008,                 1.2585,                 1.1657,              0.0019604,              0.0019604,              0.0019604
                      6,                  1.363,                 1.3091,                 1.2741,                0.76302,                0.62366,                0.69767,                0.42274,                 1.2846,                 1.2158,                 1.2188,              0.0019505,              0.0019505,              0.0019505
